<?xml version="1.0" encoding="UTF-8"?>
<zabbix_export>
    <version>5.0</version>
    <date>2020-11-19T02:14:03Z</date>
    <groups>
        <group>
            <name>02_Server</name>
        </group>
    </groups>
    <templates>
        <template>
            <template>02_ICMP_1min</template>
            <name>02_ICMP_1min</name>
            <description>00_ICMP_1min&#13;
&#13;
Template tooling version used: 0.34</description>
            <groups>
                <group>
                    <name>02_Server</name>
                </group>
            </groups>
            <applications>
                <application>
                    <name>Status</name>
                </application>
            </applications>
            <items>
                <item>
                    <name>ICMP ping</name>
                    <type>SIMPLE</type>
                    <key>icmpping</key>
                    <history>1w</history>
                    <applications>
                        <application>
                            <name>Status</name>
                        </application>
                    </applications>
                    <valuemap>
                        <name>Service state</name>
                    </valuemap>
                    <triggers>
                        <trigger>
                            <expression>{max(#3)}=0</expression>
                            <name>Ping応答無し</name>
                            <priority>HIGH</priority>
                            <description>3回応答無し</description>
                        </trigger>
                    </triggers>
                </item>
            </items>
            <macros>
                <macro>
                    <macro>{$ICMP_LOSS_WARN}</macro>
                    <value>20</value>
                </macro>
                <macro>
                    <macro>{$ICMP_RESPONSE_TIME_WARN}</macro>
                    <value>0.15</value>
                </macro>
            </macros>
        </template>
    </templates>
    <value_maps>
        <value_map>
            <name>Service state</name>
            <mappings>
                <mapping>
                    <value>0</value>
                    <newvalue>Down</newvalue>
                </mapping>
                <mapping>
                    <value>1</value>
                    <newvalue>Up</newvalue>
                </mapping>
            </mappings>
        </value_map>
    </value_maps>
</zabbix_export>
